Date,Sentiment_avg,Last_valid_sentiment,Last_valid_date,Days_since_last_valid,Decayed_sentiment
2020-04-27,3.08333333,3.08333333,2020-04-27,0,3.08333333
2020-04-28,2.78125,2.78125,2020-04-28,0,2.78125
2020-04-29,2.96666667,2.96666667,2020-04-29,0,2.96666667
2020-04-30,3.27777778,3.27777778,2020-04-30,0,3.27777778
2020-05-01,3.54878049,3.54878049,2020-05-01,0,3.54878049
2020-05-02,3.0,3.0,2020-05-02,0,3.0
2020-05-03,2.0,2.0,2020-05-03,0,2.0
2020-05-04,3.08333333,3.08333333,2020-05-04,0,3.08333333
2020-05-05,3.375,3.375,2020-05-05,0,3.375
2020-05-06,3.27777778,3.27777778,2020-05-06,0,3.27777778
2020-05-07,3.5,3.5,2020-05-07,0,3.5
2020-05-08,3.5,3.5,2020-05-08,0,3.5
2020-05-09,2.0,2.0,2020-05-09,0,2.0
2020-05-10,4.5,4.5,2020-05-10,0,4.5
2020-05-11,2.86363636,2.86363636,2020-05-11,0,2.86363636
2020-05-12,3.22222222,3.22222222,2020-05-12,0,3.22222222
2020-05-13,3.38888889,3.38888889,2020-05-13,0,3.38888889
2020-05-14,3.0,3.0,2020-05-14,0,3.0
2020-05-15,3.45833333,3.45833333,2020-05-15,0,3.45833333
2020-05-16,3.0,3.0,2020-05-16,0,3.0
2020-05-17,2.0,2.0,2020-05-17,0,2.0
2020-05-18,3.5,3.5,2020-05-18,0,3.5
2020-05-19,2.66666667,2.66666667,2020-05-19,0,2.66666667
2020-05-20,3.33333333,3.33333333,2020-05-20,0,3.33333333
2020-05-21,3.16666667,3.16666667,2020-05-21,0,3.16666667
2020-05-22,3.6,3.6,2020-05-22,0,3.6
2020-05-23,3.0,3.0,2020-05-23,0,3.0
2020-05-24,,3.0,2020-05-23,1,3.0
2020-05-25,,3.0,2020-05-23,2,3.0
2020-05-26,3.85714286,3.85714286,2020-05-26,0,3.85714286
2020-05-27,3.45,3.45,2020-05-27,0,3.45
2020-05-28,3.375,3.375,2020-05-28,0,3.375
2020-05-29,3.25,3.25,2020-05-29,0,3.25
2020-05-30,3.0,3.0,2020-05-30,0,3.0
2020-05-31,2.0,2.0,2020-05-31,0,2.0
2020-06-01,3.18181818,3.18181818,2020-06-01,0,3.18181818
2020-06-02,2.375,2.375,2020-06-02,0,2.375
2020-06-03,,2.375,2020-06-02,1,2.62091834
2020-06-04,,2.375,2020-06-02,2,2.77007535
2020-06-05,,2.375,2020-06-02,3,2.86054365
2020-06-06,,2.375,2020-06-02,4,2.91541545
2020-06-07,,2.375,2020-06-02,5,2.94869688
2020-06-08,,2.375,2020-06-02,6,2.96888308
2020-06-09,3.25,3.25,2020-06-09,0,3.25
2020-06-10,3.5,3.5,2020-06-10,0,3.5
2020-06-11,,3.5,2020-06-10,1,3.30326533
2020-06-12,,3.5,2020-06-10,2,3.18393972
2020-06-13,,3.5,2020-06-10,3,3.11156508
2020-06-14,,3.5,2020-06-10,4,3.06766764
2020-06-15,,3.5,2020-06-10,5,3.0410425
2020-06-16,,3.5,2020-06-10,6,3.02489353
2020-06-17,,3.5,2020-06-10,7,3.01509869
2020-06-18,,3.5,2020-06-10,8,3.00915782
2020-06-19,,3.5,2020-06-10,9,3.0055545
2020-06-20,,3.5,2020-06-10,10,3.00336897
2020-06-21,,3.5,2020-06-10,11,3.00204339
2020-06-22,,3.5,2020-06-10,12,3.00123938
2020-06-23,,3.5,2020-06-10,13,3.00075172
2020-06-24,,3.5,2020-06-10,14,3.00045594
2020-06-25,,3.5,2020-06-10,15,3.00027654
2020-06-26,,3.5,2020-06-10,16,3.00016773
2020-06-27,,3.5,2020-06-10,17,3.00010173
2020-06-28,,3.5,2020-06-10,18,3.0000617
2020-06-29,,3.5,2020-06-10,19,3.00003743
2020-06-30,,3.5,2020-06-10,20,3.0000227
2020-07-01,,3.5,2020-06-10,21,3.00001377
2020-07-02,,3.5,2020-06-10,22,3.00000835
2020-07-03,,3.5,2020-06-10,23,3.00000507
2020-07-04,,3.5,2020-06-10,24,3.00000307
2020-07-05,,3.5,2020-06-10,25,3.00000186
2020-07-06,,3.5,2020-06-10,26,3.00000113
2020-07-07,,3.5,2020-06-10,27,3.00000069
2020-07-08,,3.5,2020-06-10,28,3.00000042
2020-07-09,,3.5,2020-06-10,29,3.00000025
2020-07-10,,3.5,2020-06-10,30,3.00000015
2020-07-11,,3.5,2020-06-10,31,3.00000009
2020-07-12,,3.5,2020-06-10,32,3.00000006
2020-07-13,,3.5,2020-06-10,33,3.00000003
2020-07-14,,3.5,2020-06-10,34,3.00000002
2020-07-15,,3.5,2020-06-10,35,3.00000001
2020-07-16,,3.5,2020-06-10,36,3.00000001
2020-07-17,,3.5,2020-06-10,37,3.0
2020-07-18,,3.5,2020-06-10,38,3.0
2020-07-19,,3.5,2020-06-10,39,3.0
2020-07-20,,3.5,2020-06-10,40,3.0
2020-07-21,,3.5,2020-06-10,41,3.0
2020-07-22,,3.5,2020-06-10,42,3.0
2020-07-23,,3.5,2020-06-10,43,3.0
2020-07-24,,3.5,2020-06-10,44,3.0
2020-07-25,,3.5,2020-06-10,45,3.0
2020-07-26,,3.5,2020-06-10,46,3.0
2020-07-27,,3.5,2020-06-10,47,3.0
2020-07-28,,3.5,2020-06-10,48,3.0
2020-07-29,,3.5,2020-06-10,49,3.0
2020-07-30,,3.5,2020-06-10,50,3.0
2020-07-31,,3.5,2020-06-10,51,3.0
2020-08-01,,3.5,2020-06-10,52,3.0
2020-08-02,,3.5,2020-06-10,53,3.0
2020-08-03,,3.5,2020-06-10,54,3.0
2020-08-04,,3.5,2020-06-10,55,3.0
2020-08-05,,3.5,2020-06-10,56,3.0
2020-08-06,,3.5,2020-06-10,57,3.0
2020-08-07,,3.5,2020-06-10,58,3.0
2020-08-08,,3.5,2020-06-10,59,3.0
2020-08-09,,3.5,2020-06-10,60,3.0
2020-08-10,,3.5,2020-06-10,61,3.0
2020-08-11,,3.5,2020-06-10,62,3.0
2020-08-12,,3.5,2020-06-10,63,3.0
2020-08-13,,3.5,2020-06-10,64,3.0
2020-08-14,,3.5,2020-06-10,65,3.0
2020-08-15,,3.5,2020-06-10,66,3.0
2020-08-16,,3.5,2020-06-10,67,3.0
2020-08-17,,3.5,2020-06-10,68,3.0
2020-08-18,,3.5,2020-06-10,69,3.0
2020-08-19,,3.5,2020-06-10,70,3.0
2020-08-20,,3.5,2020-06-10,71,3.0
2020-08-21,,3.5,2020-06-10,72,3.0
2020-08-22,,3.5,2020-06-10,73,3.0
2020-08-23,,3.5,2020-06-10,74,3.0
2020-08-24,,3.5,2020-06-10,75,3.0
2020-08-25,,3.5,2020-06-10,76,3.0
2020-08-26,,3.5,2020-06-10,77,3.0
2020-08-27,,3.5,2020-06-10,78,3.0
2020-08-28,,3.5,2020-06-10,79,3.0
2020-08-29,,3.5,2020-06-10,80,3.0
2020-08-30,,3.5,2020-06-10,81,3.0
2020-08-31,,3.5,2020-06-10,82,3.0
2020-09-01,,3.5,2020-06-10,83,3.0
2020-09-02,,3.5,2020-06-10,84,3.0
2020-09-03,,3.5,2020-06-10,85,3.0
2020-09-04,,3.5,2020-06-10,86,3.0
2020-09-05,,3.5,2020-06-10,87,3.0
2020-09-06,,3.5,2020-06-10,88,3.0
2020-09-07,,3.5,2020-06-10,89,3.0
2020-09-08,,3.5,2020-06-10,90,3.0
2020-09-09,,3.5,2020-06-10,91,3.0
2020-09-10,,3.5,2020-06-10,92,3.0
2020-09-11,,3.5,2020-06-10,93,3.0
2020-09-12,,3.5,2020-06-10,94,3.0
2020-09-13,,3.5,2020-06-10,95,3.0
2020-09-14,,3.5,2020-06-10,96,3.0
2020-09-15,,3.5,2020-06-10,97,3.0
2020-09-16,,3.5,2020-06-10,98,3.0
2020-09-17,,3.5,2020-06-10,99,3.0
2020-09-18,,3.5,2020-06-10,100,3.0
2020-09-19,,3.5,2020-06-10,101,3.0
2020-09-20,,3.5,2020-06-10,102,3.0
2020-09-21,,3.5,2020-06-10,103,3.0
2020-09-22,,3.5,2020-06-10,104,3.0
2020-09-23,,3.5,2020-06-10,105,3.0
2020-09-24,,3.5,2020-06-10,106,3.0
2020-09-25,,3.5,2020-06-10,107,3.0
2020-09-26,,3.5,2020-06-10,108,3.0
2020-09-27,,3.5,2020-06-10,109,3.0
2020-09-28,,3.5,2020-06-10,110,3.0
2020-09-29,,3.5,2020-06-10,111,3.0
2020-09-30,,3.5,2020-06-10,112,3.0
2020-10-01,,3.5,2020-06-10,113,3.0
2020-10-02,,3.5,2020-06-10,114,3.0
2020-10-03,,3.5,2020-06-10,115,3.0
2020-10-04,,3.5,2020-06-10,116,3.0
2020-10-05,,3.5,2020-06-10,117,3.0
2020-10-06,,3.5,2020-06-10,118,3.0
2020-10-07,,3.5,2020-06-10,119,3.0
2020-10-08,,3.5,2020-06-10,120,3.0
2020-10-09,,3.5,2020-06-10,121,3.0
2020-10-10,,3.5,2020-06-10,122,3.0
2020-10-11,,3.5,2020-06-10,123,3.0
2020-10-12,,3.5,2020-06-10,124,3.0
2020-10-13,,3.5,2020-06-10,125,3.0
2020-10-14,,3.5,2020-06-10,126,3.0
2020-10-15,,3.5,2020-06-10,127,3.0
2020-10-16,,3.5,2020-06-10,128,3.0
2020-10-17,,3.5,2020-06-10,129,3.0
2020-10-18,,3.5,2020-06-10,130,3.0
2020-10-19,,3.5,2020-06-10,131,3.0
2020-10-20,,3.5,2020-06-10,132,3.0
2020-10-21,,3.5,2020-06-10,133,3.0
2020-10-22,,3.5,2020-06-10,134,3.0
2020-10-23,,3.5,2020-06-10,135,3.0
2020-10-24,,3.5,2020-06-10,136,3.0
2020-10-25,,3.5,2020-06-10,137,3.0
2020-10-26,,3.5,2020-06-10,138,3.0
2020-10-27,,3.5,2020-06-10,139,3.0
2020-10-28,,3.5,2020-06-10,140,3.0
2020-10-29,,3.5,2020-06-10,141,3.0
2020-10-30,,3.5,2020-06-10,142,3.0
2020-10-31,,3.5,2020-06-10,143,3.0
2020-11-01,,3.5,2020-06-10,144,3.0
2020-11-02,,3.5,2020-06-10,145,3.0
2020-11-03,,3.5,2020-06-10,146,3.0
2020-11-04,,3.5,2020-06-10,147,3.0
2020-11-05,,3.5,2020-06-10,148,3.0
2020-11-06,,3.5,2020-06-10,149,3.0
2020-11-07,,3.5,2020-06-10,150,3.0
2020-11-08,,3.5,2020-06-10,151,3.0
2020-11-09,,3.5,2020-06-10,152,3.0
2020-11-10,,3.5,2020-06-10,153,3.0
2020-11-11,,3.5,2020-06-10,154,3.0
2020-11-12,,3.5,2020-06-10,155,3.0
2020-11-13,,3.5,2020-06-10,156,3.0
2020-11-14,,3.5,2020-06-10,157,3.0
2020-11-15,,3.5,2020-06-10,158,3.0
2020-11-16,,3.5,2020-06-10,159,3.0
2020-11-17,,3.5,2020-06-10,160,3.0
2020-11-18,,3.5,2020-06-10,161,3.0
2020-11-19,,3.5,2020-06-10,162,3.0
2020-11-20,,3.5,2020-06-10,163,3.0
2020-11-21,,3.5,2020-06-10,164,3.0
2020-11-22,,3.5,2020-06-10,165,3.0
2020-11-23,,3.5,2020-06-10,166,3.0
2020-11-24,,3.5,2020-06-10,167,3.0
2020-11-25,,3.5,2020-06-10,168,3.0
2020-11-26,,3.5,2020-06-10,169,3.0
2020-11-27,,3.5,2020-06-10,170,3.0
2020-11-28,,3.5,2020-06-10,171,3.0
2020-11-29,,3.5,2020-06-10,172,3.0
2020-11-30,,3.5,2020-06-10,173,3.0
2020-12-01,,3.5,2020-06-10,174,3.0
2020-12-02,,3.5,2020-06-10,175,3.0
2020-12-03,,3.5,2020-06-10,176,3.0
2020-12-04,,3.5,2020-06-10,177,3.0
2020-12-05,,3.5,2020-06-10,178,3.0
2020-12-06,,3.5,2020-06-10,179,3.0
2020-12-07,,3.5,2020-06-10,180,3.0
2020-12-08,,3.5,2020-06-10,181,3.0
2020-12-09,,3.5,2020-06-10,182,3.0
2020-12-10,,3.5,2020-06-10,183,3.0
2020-12-11,,3.5,2020-06-10,184,3.0
2020-12-12,,3.5,2020-06-10,185,3.0
2020-12-13,,3.5,2020-06-10,186,3.0
2020-12-14,,3.5,2020-06-10,187,3.0
2020-12-15,,3.5,2020-06-10,188,3.0
2020-12-16,,3.5,2020-06-10,189,3.0
2020-12-17,,3.5,2020-06-10,190,3.0
2020-12-18,,3.5,2020-06-10,191,3.0
2020-12-19,,3.5,2020-06-10,192,3.0
2020-12-20,,3.5,2020-06-10,193,3.0
2020-12-21,,3.5,2020-06-10,194,3.0
2020-12-22,,3.5,2020-06-10,195,3.0
2020-12-23,,3.5,2020-06-10,196,3.0
2020-12-24,,3.5,2020-06-10,197,3.0
2020-12-25,,3.5,2020-06-10,198,3.0
2020-12-26,,3.5,2020-06-10,199,3.0
2020-12-27,,3.5,2020-06-10,200,3.0
2020-12-28,,3.5,2020-06-10,201,3.0
2020-12-29,,3.5,2020-06-10,202,3.0
2020-12-30,,3.5,2020-06-10,203,3.0
2020-12-31,,3.5,2020-06-10,204,3.0
2021-01-01,,3.5,2020-06-10,205,3.0
2021-01-02,,3.5,2020-06-10,206,3.0
2021-01-03,,3.5,2020-06-10,207,3.0
2021-01-04,,3.5,2020-06-10,208,3.0
2021-01-05,,3.5,2020-06-10,209,3.0
2021-01-06,,3.5,2020-06-10,210,3.0
2021-01-07,,3.5,2020-06-10,211,3.0
2021-01-08,,3.5,2020-06-10,212,3.0
2021-01-09,,3.5,2020-06-10,213,3.0
2021-01-10,,3.5,2020-06-10,214,3.0
2021-01-11,,3.5,2020-06-10,215,3.0
2021-01-12,,3.5,2020-06-10,216,3.0
2021-01-13,,3.5,2020-06-10,217,3.0
2021-01-14,,3.5,2020-06-10,218,3.0
2021-01-15,,3.5,2020-06-10,219,3.0
2021-01-16,,3.5,2020-06-10,220,3.0
2021-01-17,,3.5,2020-06-10,221,3.0
2021-01-18,,3.5,2020-06-10,222,3.0
2021-01-19,,3.5,2020-06-10,223,3.0
2021-01-20,,3.5,2020-06-10,224,3.0
2021-01-21,,3.5,2020-06-10,225,3.0
2021-01-22,,3.5,2020-06-10,226,3.0
2021-01-23,,3.5,2020-06-10,227,3.0
2021-01-24,,3.5,2020-06-10,228,3.0
2021-01-25,,3.5,2020-06-10,229,3.0
2021-01-26,,3.5,2020-06-10,230,3.0
2021-01-27,,3.5,2020-06-10,231,3.0
2021-01-28,,3.5,2020-06-10,232,3.0
2021-01-29,,3.5,2020-06-10,233,3.0
2021-01-30,,3.5,2020-06-10,234,3.0
2021-01-31,,3.5,2020-06-10,235,3.0
2021-02-01,,3.5,2020-06-10,236,3.0
2021-02-02,,3.5,2020-06-10,237,3.0
2021-02-03,,3.5,2020-06-10,238,3.0
2021-02-04,,3.5,2020-06-10,239,3.0
2021-02-05,,3.5,2020-06-10,240,3.0
2021-02-06,,3.5,2020-06-10,241,3.0
2021-02-07,,3.5,2020-06-10,242,3.0
2021-02-08,,3.5,2020-06-10,243,3.0
2021-02-09,,3.5,2020-06-10,244,3.0
2021-02-10,,3.5,2020-06-10,245,3.0
2021-02-11,,3.5,2020-06-10,246,3.0
2021-02-12,,3.5,2020-06-10,247,3.0
2021-02-13,,3.5,2020-06-10,248,3.0
2021-02-14,,3.5,2020-06-10,249,3.0
2021-02-15,,3.5,2020-06-10,250,3.0
2021-02-16,,3.5,2020-06-10,251,3.0
2021-02-17,,3.5,2020-06-10,252,3.0
2021-02-18,,3.5,2020-06-10,253,3.0
2021-02-19,,3.5,2020-06-10,254,3.0
2021-02-20,,3.5,2020-06-10,255,3.0
2021-02-21,,3.5,2020-06-10,256,3.0
2021-02-22,,3.5,2020-06-10,257,3.0
2021-02-23,,3.5,2020-06-10,258,3.0
2021-02-24,,3.5,2020-06-10,259,3.0
2021-02-25,,3.5,2020-06-10,260,3.0
2021-02-26,,3.5,2020-06-10,261,3.0
2021-02-27,,3.5,2020-06-10,262,3.0
2021-02-28,,3.5,2020-06-10,263,3.0
2021-03-01,,3.5,2020-06-10,264,3.0
2021-03-02,,3.5,2020-06-10,265,3.0
2021-03-03,,3.5,2020-06-10,266,3.0
2021-03-04,,3.5,2020-06-10,267,3.0
2021-03-05,,3.5,2020-06-10,268,3.0
2021-03-06,,3.5,2020-06-10,269,3.0
2021-03-07,,3.5,2020-06-10,270,3.0
2021-03-08,,3.5,2020-06-10,271,3.0
2021-03-09,,3.5,2020-06-10,272,3.0
2021-03-10,,3.5,2020-06-10,273,3.0
2021-03-11,,3.5,2020-06-10,274,3.0
2021-03-12,,3.5,2020-06-10,275,3.0
2021-03-13,,3.5,2020-06-10,276,3.0
2021-03-14,,3.5,2020-06-10,277,3.0
2021-03-15,,3.5,2020-06-10,278,3.0
2021-03-16,,3.5,2020-06-10,279,3.0
2021-03-17,,3.5,2020-06-10,280,3.0
2021-03-18,,3.5,2020-06-10,281,3.0
2021-03-19,,3.5,2020-06-10,282,3.0
2021-03-20,,3.5,2020-06-10,283,3.0
2021-03-21,,3.5,2020-06-10,284,3.0
2021-03-22,,3.5,2020-06-10,285,3.0
2021-03-23,,3.5,2020-06-10,286,3.0
2021-03-24,,3.5,2020-06-10,287,3.0
2021-03-25,,3.5,2020-06-10,288,3.0
2021-03-26,,3.5,2020-06-10,289,3.0
2021-03-27,,3.5,2020-06-10,290,3.0
2021-03-28,,3.5,2020-06-10,291,3.0
2021-03-29,,3.5,2020-06-10,292,3.0
2021-03-30,,3.5,2020-06-10,293,3.0
2021-03-31,,3.5,2020-06-10,294,3.0
2021-04-01,,3.5,2020-06-10,295,3.0
2021-04-02,,3.5,2020-06-10,296,3.0
2021-04-03,,3.5,2020-06-10,297,3.0
2021-04-04,,3.5,2020-06-10,298,3.0
2021-04-05,,3.5,2020-06-10,299,3.0
2021-04-06,,3.5,2020-06-10,300,3.0
2021-04-07,,3.5,2020-06-10,301,3.0
2021-04-08,,3.5,2020-06-10,302,3.0
2021-04-09,,3.5,2020-06-10,303,3.0
2021-04-10,,3.5,2020-06-10,304,3.0
2021-04-11,,3.5,2020-06-10,305,3.0
2021-04-12,,3.5,2020-06-10,306,3.0
2021-04-13,,3.5,2020-06-10,307,3.0
2021-04-14,,3.5,2020-06-10,308,3.0
2021-04-15,,3.5,2020-06-10,309,3.0
2021-04-16,,3.5,2020-06-10,310,3.0
2021-04-17,,3.5,2020-06-10,311,3.0
2021-04-18,,3.5,2020-06-10,312,3.0
2021-04-19,,3.5,2020-06-10,313,3.0
2021-04-20,,3.5,2020-06-10,314,3.0
2021-04-21,,3.5,2020-06-10,315,3.0
2021-04-22,,3.5,2020-06-10,316,3.0
2021-04-23,,3.5,2020-06-10,317,3.0
2021-04-24,,3.5,2020-06-10,318,3.0
2021-04-25,,3.5,2020-06-10,319,3.0
2021-04-26,,3.5,2020-06-10,320,3.0
2021-04-27,,3.5,2020-06-10,321,3.0
2021-04-28,,3.5,2020-06-10,322,3.0
2021-04-29,,3.5,2020-06-10,323,3.0
2021-04-30,,3.5,2020-06-10,324,3.0
2021-05-01,,3.5,2020-06-10,325,3.0
2021-05-02,,3.5,2020-06-10,326,3.0
2021-05-03,,3.5,2020-06-10,327,3.0
2021-05-04,,3.5,2020-06-10,328,3.0
2021-05-05,,3.5,2020-06-10,329,3.0
2021-05-06,,3.5,2020-06-10,330,3.0
2021-05-07,,3.5,2020-06-10,331,3.0
2021-05-08,,3.5,2020-06-10,332,3.0
2021-05-09,,3.5,2020-06-10,333,3.0
2021-05-10,,3.5,2020-06-10,334,3.0
2021-05-11,,3.5,2020-06-10,335,3.0
2021-05-12,,3.5,2020-06-10,336,3.0
2021-05-13,,3.5,2020-06-10,337,3.0
2021-05-14,,3.5,2020-06-10,338,3.0
2021-05-15,,3.5,2020-06-10,339,3.0
2021-05-16,,3.5,2020-06-10,340,3.0
2021-05-17,,3.5,2020-06-10,341,3.0
2021-05-18,,3.5,2020-06-10,342,3.0
2021-05-19,,3.5,2020-06-10,343,3.0
2021-05-20,,3.5,2020-06-10,344,3.0
2021-05-21,,3.5,2020-06-10,345,3.0
2021-05-22,,3.5,2020-06-10,346,3.0
2021-05-23,,3.5,2020-06-10,347,3.0
2021-05-24,,3.5,2020-06-10,348,3.0
2021-05-25,,3.5,2020-06-10,349,3.0
2021-05-26,,3.5,2020-06-10,350,3.0
2021-05-27,,3.5,2020-06-10,351,3.0
2021-05-28,,3.5,2020-06-10,352,3.0
2021-05-29,,3.5,2020-06-10,353,3.0
2021-05-30,,3.5,2020-06-10,354,3.0
2021-05-31,,3.5,2020-06-10,355,3.0
2021-06-01,,3.5,2020-06-10,356,3.0
2021-06-02,,3.5,2020-06-10,357,3.0
2021-06-03,,3.5,2020-06-10,358,3.0
2021-06-04,,3.5,2020-06-10,359,3.0
2021-06-05,,3.5,2020-06-10,360,3.0
2021-06-06,,3.5,2020-06-10,361,3.0
2021-06-07,,3.5,2020-06-10,362,3.0
2021-06-08,,3.5,2020-06-10,363,3.0
2021-06-09,,3.5,2020-06-10,364,3.0
2021-06-10,,3.5,2020-06-10,365,3.0
2021-06-11,,3.5,2020-06-10,366,3.0
2021-06-12,,3.5,2020-06-10,367,3.0
2021-06-13,,3.5,2020-06-10,368,3.0
2021-06-14,,3.5,2020-06-10,369,3.0
2021-06-15,,3.5,2020-06-10,370,3.0
2021-06-16,,3.5,2020-06-10,371,3.0
2021-06-17,,3.5,2020-06-10,372,3.0
2021-06-18,,3.5,2020-06-10,373,3.0
2021-06-19,,3.5,2020-06-10,374,3.0
2021-06-20,,3.5,2020-06-10,375,3.0
2021-06-21,,3.5,2020-06-10,376,3.0
2021-06-22,,3.5,2020-06-10,377,3.0
2021-06-23,,3.5,2020-06-10,378,3.0
2021-06-24,,3.5,2020-06-10,379,3.0
2021-06-25,,3.5,2020-06-10,380,3.0
2021-06-26,,3.5,2020-06-10,381,3.0
2021-06-27,,3.5,2020-06-10,382,3.0
2021-06-28,,3.5,2020-06-10,383,3.0
2021-06-29,,3.5,2020-06-10,384,3.0
2021-06-30,,3.5,2020-06-10,385,3.0
2021-07-01,,3.5,2020-06-10,386,3.0
2021-07-02,,3.5,2020-06-10,387,3.0
2021-07-03,,3.5,2020-06-10,388,3.0
2021-07-04,,3.5,2020-06-10,389,3.0
2021-07-05,,3.5,2020-06-10,390,3.0
2021-07-06,,3.5,2020-06-10,391,3.0
2021-07-07,,3.5,2020-06-10,392,3.0
2021-07-08,,3.5,2020-06-10,393,3.0
2021-07-09,,3.5,2020-06-10,394,3.0
2021-07-10,,3.5,2020-06-10,395,3.0
2021-07-11,,3.5,2020-06-10,396,3.0
2021-07-12,,3.5,2020-06-10,397,3.0
2021-07-13,,3.5,2020-06-10,398,3.0
2021-07-14,,3.5,2020-06-10,399,3.0
2021-07-15,,3.5,2020-06-10,400,3.0
2021-07-16,,3.5,2020-06-10,401,3.0
2021-07-17,,3.5,2020-06-10,402,3.0
2021-07-18,,3.5,2020-06-10,403,3.0
2021-07-19,,3.5,2020-06-10,404,3.0
2021-07-20,,3.5,2020-06-10,405,3.0
2021-07-21,,3.5,2020-06-10,406,3.0
2021-07-22,,3.5,2020-06-10,407,3.0
2021-07-23,,3.5,2020-06-10,408,3.0
2021-07-24,,3.5,2020-06-10,409,3.0
2021-07-25,,3.5,2020-06-10,410,3.0
2021-07-26,,3.5,2020-06-10,411,3.0
2021-07-27,,3.5,2020-06-10,412,3.0
2021-07-28,,3.5,2020-06-10,413,3.0
2021-07-29,,3.5,2020-06-10,414,3.0
2021-07-30,,3.5,2020-06-10,415,3.0
2021-07-31,,3.5,2020-06-10,416,3.0
2021-08-01,,3.5,2020-06-10,417,3.0
2021-08-02,,3.5,2020-06-10,418,3.0
2021-08-03,,3.5,2020-06-10,419,3.0
2021-08-04,,3.5,2020-06-10,420,3.0
2021-08-05,,3.5,2020-06-10,421,3.0
2021-08-06,,3.5,2020-06-10,422,3.0
2021-08-07,,3.5,2020-06-10,423,3.0
2021-08-08,,3.5,2020-06-10,424,3.0
2021-08-09,,3.5,2020-06-10,425,3.0
2021-08-10,,3.5,2020-06-10,426,3.0
2021-08-11,,3.5,2020-06-10,427,3.0
2021-08-12,,3.5,2020-06-10,428,3.0
2021-08-13,,3.5,2020-06-10,429,3.0
2021-08-14,,3.5,2020-06-10,430,3.0
2021-08-15,,3.5,2020-06-10,431,3.0
2021-08-16,,3.5,2020-06-10,432,3.0
2021-08-17,,3.5,2020-06-10,433,3.0
2021-08-18,,3.5,2020-06-10,434,3.0
2021-08-19,,3.5,2020-06-10,435,3.0
2021-08-20,,3.5,2020-06-10,436,3.0
2021-08-21,,3.5,2020-06-10,437,3.0
2021-08-22,,3.5,2020-06-10,438,3.0
2021-08-23,,3.5,2020-06-10,439,3.0
2021-08-24,,3.5,2020-06-10,440,3.0
2021-08-25,,3.5,2020-06-10,441,3.0
2021-08-26,,3.5,2020-06-10,442,3.0
2021-08-27,,3.5,2020-06-10,443,3.0
2021-08-28,,3.5,2020-06-10,444,3.0
2021-08-29,,3.5,2020-06-10,445,3.0
2021-08-30,,3.5,2020-06-10,446,3.0
2021-08-31,,3.5,2020-06-10,447,3.0
2021-09-01,,3.5,2020-06-10,448,3.0
2021-09-02,,3.5,2020-06-10,449,3.0
2021-09-03,,3.5,2020-06-10,450,3.0
2021-09-04,,3.5,2020-06-10,451,3.0
2021-09-05,,3.5,2020-06-10,452,3.0
2021-09-06,,3.5,2020-06-10,453,3.0
2021-09-07,,3.5,2020-06-10,454,3.0
2021-09-08,,3.5,2020-06-10,455,3.0
2021-09-09,,3.5,2020-06-10,456,3.0
2021-09-10,,3.5,2020-06-10,457,3.0
2021-09-11,,3.5,2020-06-10,458,3.0
2021-09-12,,3.5,2020-06-10,459,3.0
2021-09-13,,3.5,2020-06-10,460,3.0
2021-09-14,,3.5,2020-06-10,461,3.0
2021-09-15,,3.5,2020-06-10,462,3.0
2021-09-16,,3.5,2020-06-10,463,3.0
2021-09-17,,3.5,2020-06-10,464,3.0
2021-09-18,,3.5,2020-06-10,465,3.0
2021-09-19,,3.5,2020-06-10,466,3.0
2021-09-20,,3.5,2020-06-10,467,3.0
2021-09-21,,3.5,2020-06-10,468,3.0
2021-09-22,,3.5,2020-06-10,469,3.0
2021-09-23,,3.5,2020-06-10,470,3.0
2021-09-24,,3.5,2020-06-10,471,3.0
2021-09-25,,3.5,2020-06-10,472,3.0
2021-09-26,,3.5,2020-06-10,473,3.0
2021-09-27,,3.5,2020-06-10,474,3.0
2021-09-28,,3.5,2020-06-10,475,3.0
2021-09-29,,3.5,2020-06-10,476,3.0
2021-09-30,,3.5,2020-06-10,477,3.0
2021-10-01,,3.5,2020-06-10,478,3.0
2021-10-02,,3.5,2020-06-10,479,3.0
2021-10-03,,3.5,2020-06-10,480,3.0
2021-10-04,,3.5,2020-06-10,481,3.0
2021-10-05,,3.5,2020-06-10,482,3.0
2021-10-06,,3.5,2020-06-10,483,3.0
2021-10-07,,3.5,2020-06-10,484,3.0
2021-10-08,,3.5,2020-06-10,485,3.0
2021-10-09,,3.5,2020-06-10,486,3.0
2021-10-10,,3.5,2020-06-10,487,3.0
2021-10-11,,3.5,2020-06-10,488,3.0
2021-10-12,,3.5,2020-06-10,489,3.0
2021-10-13,,3.5,2020-06-10,490,3.0
2021-10-14,,3.5,2020-06-10,491,3.0
2021-10-15,,3.5,2020-06-10,492,3.0
2021-10-16,,3.5,2020-06-10,493,3.0
2021-10-17,,3.5,2020-06-10,494,3.0
2021-10-18,,3.5,2020-06-10,495,3.0
2021-10-19,,3.5,2020-06-10,496,3.0
2021-10-20,,3.5,2020-06-10,497,3.0
2021-10-21,,3.5,2020-06-10,498,3.0
2021-10-22,,3.5,2020-06-10,499,3.0
2021-10-23,,3.5,2020-06-10,500,3.0
2021-10-24,,3.5,2020-06-10,501,3.0
2021-10-25,,3.5,2020-06-10,502,3.0
2021-10-26,,3.5,2020-06-10,503,3.0
2021-10-27,,3.5,2020-06-10,504,3.0
2021-10-28,,3.5,2020-06-10,505,3.0
2021-10-29,,3.5,2020-06-10,506,3.0
2021-10-30,,3.5,2020-06-10,507,3.0
2021-10-31,,3.5,2020-06-10,508,3.0
2021-11-01,,3.5,2020-06-10,509,3.0
2021-11-02,,3.5,2020-06-10,510,3.0
2021-11-03,,3.5,2020-06-10,511,3.0
2021-11-04,,3.5,2020-06-10,512,3.0
2021-11-05,,3.5,2020-06-10,513,3.0
2021-11-06,,3.5,2020-06-10,514,3.0
2021-11-07,,3.5,2020-06-10,515,3.0
2021-11-08,,3.5,2020-06-10,516,3.0
2021-11-09,,3.5,2020-06-10,517,3.0
2021-11-10,,3.5,2020-06-10,518,3.0
2021-11-11,,3.5,2020-06-10,519,3.0
2021-11-12,,3.5,2020-06-10,520,3.0
2021-11-13,,3.5,2020-06-10,521,3.0
2021-11-14,,3.5,2020-06-10,522,3.0
2021-11-15,,3.5,2020-06-10,523,3.0
2021-11-16,,3.5,2020-06-10,524,3.0
2021-11-17,,3.5,2020-06-10,525,3.0
2021-11-18,,3.5,2020-06-10,526,3.0
2021-11-19,,3.5,2020-06-10,527,3.0
2021-11-20,,3.5,2020-06-10,528,3.0
2021-11-21,,3.5,2020-06-10,529,3.0
2021-11-22,,3.5,2020-06-10,530,3.0
2021-11-23,,3.5,2020-06-10,531,3.0
2021-11-24,,3.5,2020-06-10,532,3.0
2021-11-25,,3.5,2020-06-10,533,3.0
2021-11-26,,3.5,2020-06-10,534,3.0
2021-11-27,,3.5,2020-06-10,535,3.0
2021-11-28,,3.5,2020-06-10,536,3.0
2021-11-29,,3.5,2020-06-10,537,3.0
2021-11-30,,3.5,2020-06-10,538,3.0
2021-12-01,,3.5,2020-06-10,539,3.0
2021-12-02,,3.5,2020-06-10,540,3.0
2021-12-03,,3.5,2020-06-10,541,3.0
2021-12-04,,3.5,2020-06-10,542,3.0
2021-12-05,,3.5,2020-06-10,543,3.0
2021-12-06,,3.5,2020-06-10,544,3.0
2021-12-07,,3.5,2020-06-10,545,3.0
2021-12-08,,3.5,2020-06-10,546,3.0
2021-12-09,,3.5,2020-06-10,547,3.0
2021-12-10,,3.5,2020-06-10,548,3.0
2021-12-11,,3.5,2020-06-10,549,3.0
2021-12-12,,3.5,2020-06-10,550,3.0
2021-12-13,,3.5,2020-06-10,551,3.0
2021-12-14,,3.5,2020-06-10,552,3.0
2021-12-15,,3.5,2020-06-10,553,3.0
2021-12-16,,3.5,2020-06-10,554,3.0
2021-12-17,,3.5,2020-06-10,555,3.0
2021-12-18,,3.5,2020-06-10,556,3.0
2021-12-19,,3.5,2020-06-10,557,3.0
2021-12-20,,3.5,2020-06-10,558,3.0
2021-12-21,,3.5,2020-06-10,559,3.0
2021-12-22,,3.5,2020-06-10,560,3.0
2021-12-23,,3.5,2020-06-10,561,3.0
2021-12-24,,3.5,2020-06-10,562,3.0
2021-12-25,,3.5,2020-06-10,563,3.0
2021-12-26,,3.5,2020-06-10,564,3.0
2021-12-27,,3.5,2020-06-10,565,3.0
2021-12-28,,3.5,2020-06-10,566,3.0
2021-12-29,,3.5,2020-06-10,567,3.0
2021-12-30,,3.5,2020-06-10,568,3.0
2021-12-31,,3.5,2020-06-10,569,3.0
2022-01-01,,3.5,2020-06-10,570,3.0
2022-01-02,,3.5,2020-06-10,571,3.0
2022-01-03,,3.5,2020-06-10,572,3.0
2022-01-04,,3.5,2020-06-10,573,3.0
2022-01-05,,3.5,2020-06-10,574,3.0
2022-01-06,,3.5,2020-06-10,575,3.0
2022-01-07,,3.5,2020-06-10,576,3.0
2022-01-08,,3.5,2020-06-10,577,3.0
2022-01-09,,3.5,2020-06-10,578,3.0
2022-01-10,,3.5,2020-06-10,579,3.0
2022-01-11,,3.5,2020-06-10,580,3.0
2022-01-12,,3.5,2020-06-10,581,3.0
2022-01-13,,3.5,2020-06-10,582,3.0
2022-01-14,,3.5,2020-06-10,583,3.0
2022-01-15,,3.5,2020-06-10,584,3.0
2022-01-16,,3.5,2020-06-10,585,3.0
2022-01-17,,3.5,2020-06-10,586,3.0
2022-01-18,,3.5,2020-06-10,587,3.0
2022-01-19,,3.5,2020-06-10,588,3.0
2022-01-20,,3.5,2020-06-10,589,3.0
2022-01-21,,3.5,2020-06-10,590,3.0
2022-01-22,,3.5,2020-06-10,591,3.0
2022-01-23,,3.5,2020-06-10,592,3.0
2022-01-24,,3.5,2020-06-10,593,3.0
2022-01-25,,3.5,2020-06-10,594,3.0
2022-01-26,,3.5,2020-06-10,595,3.0
2022-01-27,,3.5,2020-06-10,596,3.0
2022-01-28,,3.5,2020-06-10,597,3.0
2022-01-29,,3.5,2020-06-10,598,3.0
2022-01-30,,3.5,2020-06-10,599,3.0
2022-01-31,,3.5,2020-06-10,600,3.0
2022-02-01,,3.5,2020-06-10,601,3.0
2022-02-02,,3.5,2020-06-10,602,3.0
2022-02-03,,3.5,2020-06-10,603,3.0
2022-02-04,,3.5,2020-06-10,604,3.0
2022-02-05,,3.5,2020-06-10,605,3.0
2022-02-06,,3.5,2020-06-10,606,3.0
2022-02-07,,3.5,2020-06-10,607,3.0
2022-02-08,,3.5,2020-06-10,608,3.0
2022-02-09,,3.5,2020-06-10,609,3.0
2022-02-10,,3.5,2020-06-10,610,3.0
2022-02-11,,3.5,2020-06-10,611,3.0
2022-02-12,,3.5,2020-06-10,612,3.0
2022-02-13,,3.5,2020-06-10,613,3.0
2022-02-14,,3.5,2020-06-10,614,3.0
2022-02-15,,3.5,2020-06-10,615,3.0
2022-02-16,,3.5,2020-06-10,616,3.0
2022-02-17,,3.5,2020-06-10,617,3.0
2022-02-18,,3.5,2020-06-10,618,3.0
2022-02-19,,3.5,2020-06-10,619,3.0
2022-02-20,,3.5,2020-06-10,620,3.0
2022-02-21,,3.5,2020-06-10,621,3.0
2022-02-22,,3.5,2020-06-10,622,3.0
2022-02-23,,3.5,2020-06-10,623,3.0
2022-02-24,,3.5,2020-06-10,624,3.0
2022-02-25,,3.5,2020-06-10,625,3.0
2022-02-26,,3.5,2020-06-10,626,3.0
2022-02-27,,3.5,2020-06-10,627,3.0
2022-02-28,,3.5,2020-06-10,628,3.0
2022-03-01,,3.5,2020-06-10,629,3.0
2022-03-02,,3.5,2020-06-10,630,3.0
2022-03-03,,3.5,2020-06-10,631,3.0
2022-03-04,,3.5,2020-06-10,632,3.0
2022-03-05,,3.5,2020-06-10,633,3.0
2022-03-06,,3.5,2020-06-10,634,3.0
2022-03-07,,3.5,2020-06-10,635,3.0
2022-03-08,,3.5,2020-06-10,636,3.0
2022-03-09,,3.5,2020-06-10,637,3.0
2022-03-10,,3.5,2020-06-10,638,3.0
2022-03-11,,3.5,2020-06-10,639,3.0
2022-03-12,,3.5,2020-06-10,640,3.0
2022-03-13,,3.5,2020-06-10,641,3.0
2022-03-14,,3.5,2020-06-10,642,3.0
2022-03-15,,3.5,2020-06-10,643,3.0
2022-03-16,,3.5,2020-06-10,644,3.0
2022-03-17,,3.5,2020-06-10,645,3.0
2022-03-18,,3.5,2020-06-10,646,3.0
2022-03-19,,3.5,2020-06-10,647,3.0
2022-03-20,,3.5,2020-06-10,648,3.0
2022-03-21,,3.5,2020-06-10,649,3.0
2022-03-22,,3.5,2020-06-10,650,3.0
2022-03-23,,3.5,2020-06-10,651,3.0
2022-03-24,,3.5,2020-06-10,652,3.0
2022-03-25,,3.5,2020-06-10,653,3.0
2022-03-26,,3.5,2020-06-10,654,3.0
2022-03-27,,3.5,2020-06-10,655,3.0
2022-03-28,,3.5,2020-06-10,656,3.0
2022-03-29,,3.5,2020-06-10,657,3.0
2022-03-30,,3.5,2020-06-10,658,3.0
2022-03-31,,3.5,2020-06-10,659,3.0
2022-04-01,,3.5,2020-06-10,660,3.0
2022-04-02,,3.5,2020-06-10,661,3.0
2022-04-03,,3.5,2020-06-10,662,3.0
2022-04-04,,3.5,2020-06-10,663,3.0
2022-04-05,,3.5,2020-06-10,664,3.0
2022-04-06,,3.5,2020-06-10,665,3.0
2022-04-07,,3.5,2020-06-10,666,3.0
2022-04-08,,3.5,2020-06-10,667,3.0
2022-04-09,,3.5,2020-06-10,668,3.0
2022-04-10,,3.5,2020-06-10,669,3.0
2022-04-11,,3.5,2020-06-10,670,3.0
2022-04-12,,3.5,2020-06-10,671,3.0
2022-04-13,,3.5,2020-06-10,672,3.0
2022-04-14,,3.5,2020-06-10,673,3.0
2022-04-15,,3.5,2020-06-10,674,3.0
2022-04-16,,3.5,2020-06-10,675,3.0
2022-04-17,,3.5,2020-06-10,676,3.0
2022-04-18,,3.5,2020-06-10,677,3.0
2022-04-19,,3.5,2020-06-10,678,3.0
2022-04-20,,3.5,2020-06-10,679,3.0
2022-04-21,,3.5,2020-06-10,680,3.0
2022-04-22,,3.5,2020-06-10,681,3.0
2022-04-23,,3.5,2020-06-10,682,3.0
2022-04-24,,3.5,2020-06-10,683,3.0
2022-04-25,,3.5,2020-06-10,684,3.0
2022-04-26,,3.5,2020-06-10,685,3.0
2022-04-27,,3.5,2020-06-10,686,3.0
2022-04-28,,3.5,2020-06-10,687,3.0
2022-04-29,,3.5,2020-06-10,688,3.0
2022-04-30,,3.5,2020-06-10,689,3.0
2022-05-01,,3.5,2020-06-10,690,3.0
2022-05-02,,3.5,2020-06-10,691,3.0
2022-05-03,,3.5,2020-06-10,692,3.0
2022-05-04,,3.5,2020-06-10,693,3.0
2022-05-05,,3.5,2020-06-10,694,3.0
2022-05-06,,3.5,2020-06-10,695,3.0
2022-05-07,,3.5,2020-06-10,696,3.0
2022-05-08,,3.5,2020-06-10,697,3.0
2022-05-09,,3.5,2020-06-10,698,3.0
2022-05-10,,3.5,2020-06-10,699,3.0
2022-05-11,,3.5,2020-06-10,700,3.0
2022-05-12,,3.5,2020-06-10,701,3.0
2022-05-13,,3.5,2020-06-10,702,3.0
2022-05-14,,3.5,2020-06-10,703,3.0
2022-05-15,,3.5,2020-06-10,704,3.0
2022-05-16,,3.5,2020-06-10,705,3.0
2022-05-17,,3.5,2020-06-10,706,3.0
2022-05-18,,3.5,2020-06-10,707,3.0
2022-05-19,,3.5,2020-06-10,708,3.0
2022-05-20,,3.5,2020-06-10,709,3.0
2022-05-21,,3.5,2020-06-10,710,3.0
2022-05-22,,3.5,2020-06-10,711,3.0
2022-05-23,,3.5,2020-06-10,712,3.0
2022-05-24,,3.5,2020-06-10,713,3.0
2022-05-25,,3.5,2020-06-10,714,3.0
2022-05-26,,3.5,2020-06-10,715,3.0
2022-05-27,,3.5,2020-06-10,716,3.0
2022-05-28,,3.5,2020-06-10,717,3.0
2022-05-29,,3.5,2020-06-10,718,3.0
2022-05-30,,3.5,2020-06-10,719,3.0
2022-05-31,,3.5,2020-06-10,720,3.0
2022-06-01,,3.5,2020-06-10,721,3.0
2022-06-02,,3.5,2020-06-10,722,3.0
2022-06-03,,3.5,2020-06-10,723,3.0
2022-06-04,,3.5,2020-06-10,724,3.0
2022-06-05,,3.5,2020-06-10,725,3.0
2022-06-06,,3.5,2020-06-10,726,3.0
2022-06-07,,3.5,2020-06-10,727,3.0
2022-06-08,,3.5,2020-06-10,728,3.0
2022-06-09,,3.5,2020-06-10,729,3.0
2022-06-10,,3.5,2020-06-10,730,3.0
2022-06-11,,3.5,2020-06-10,731,3.0
2022-06-12,,3.5,2020-06-10,732,3.0
2022-06-13,,3.5,2020-06-10,733,3.0
2022-06-14,,3.5,2020-06-10,734,3.0
2022-06-15,,3.5,2020-06-10,735,3.0
2022-06-16,,3.5,2020-06-10,736,3.0
2022-06-17,,3.5,2020-06-10,737,3.0
2022-06-18,,3.5,2020-06-10,738,3.0
2022-06-19,,3.5,2020-06-10,739,3.0
2022-06-20,,3.5,2020-06-10,740,3.0
2022-06-21,,3.5,2020-06-10,741,3.0
2022-06-22,,3.5,2020-06-10,742,3.0
2022-06-23,,3.5,2020-06-10,743,3.0
2022-06-24,,3.5,2020-06-10,744,3.0
2022-06-25,,3.5,2020-06-10,745,3.0
2022-06-26,,3.5,2020-06-10,746,3.0
2022-06-27,,3.5,2020-06-10,747,3.0
2022-06-28,,3.5,2020-06-10,748,3.0
2022-06-29,,3.5,2020-06-10,749,3.0
2022-06-30,,3.5,2020-06-10,750,3.0
2022-07-01,,3.5,2020-06-10,751,3.0
2022-07-02,,3.5,2020-06-10,752,3.0
2022-07-03,,3.5,2020-06-10,753,3.0
2022-07-04,,3.5,2020-06-10,754,3.0
2022-07-05,,3.5,2020-06-10,755,3.0
2022-07-06,,3.5,2020-06-10,756,3.0
2022-07-07,,3.5,2020-06-10,757,3.0
2022-07-08,,3.5,2020-06-10,758,3.0
2022-07-09,,3.5,2020-06-10,759,3.0
2022-07-10,,3.5,2020-06-10,760,3.0
2022-07-11,,3.5,2020-06-10,761,3.0
2022-07-12,,3.5,2020-06-10,762,3.0
2022-07-13,,3.5,2020-06-10,763,3.0
2022-07-14,,3.5,2020-06-10,764,3.0
2022-07-15,,3.5,2020-06-10,765,3.0
2022-07-16,,3.5,2020-06-10,766,3.0
2022-07-17,,3.5,2020-06-10,767,3.0
2022-07-18,,3.5,2020-06-10,768,3.0
2022-07-19,,3.5,2020-06-10,769,3.0
2022-07-20,,3.5,2020-06-10,770,3.0
2022-07-21,,3.5,2020-06-10,771,3.0
2022-07-22,,3.5,2020-06-10,772,3.0
2022-07-23,,3.5,2020-06-10,773,3.0
2022-07-24,,3.5,2020-06-10,774,3.0
2022-07-25,,3.5,2020-06-10,775,3.0
2022-07-26,,3.5,2020-06-10,776,3.0
2022-07-27,,3.5,2020-06-10,777,3.0
2022-07-28,,3.5,2020-06-10,778,3.0
2022-07-29,,3.5,2020-06-10,779,3.0
2022-07-30,,3.5,2020-06-10,780,3.0
2022-07-31,,3.5,2020-06-10,781,3.0
2022-08-01,,3.5,2020-06-10,782,3.0
2022-08-02,,3.5,2020-06-10,783,3.0
2022-08-03,,3.5,2020-06-10,784,3.0
2022-08-04,,3.5,2020-06-10,785,3.0
2022-08-05,,3.5,2020-06-10,786,3.0
2022-08-06,,3.5,2020-06-10,787,3.0
2022-08-07,,3.5,2020-06-10,788,3.0
2022-08-08,,3.5,2020-06-10,789,3.0
2022-08-09,,3.5,2020-06-10,790,3.0
2022-08-10,,3.5,2020-06-10,791,3.0
2022-08-11,,3.5,2020-06-10,792,3.0
2022-08-12,,3.5,2020-06-10,793,3.0
2022-08-13,,3.5,2020-06-10,794,3.0
2022-08-14,,3.5,2020-06-10,795,3.0
2022-08-15,,3.5,2020-06-10,796,3.0
2022-08-16,,3.5,2020-06-10,797,3.0
2022-08-17,,3.5,2020-06-10,798,3.0
2022-08-18,,3.5,2020-06-10,799,3.0
2022-08-19,,3.5,2020-06-10,800,3.0
2022-08-20,,3.5,2020-06-10,801,3.0
2022-08-21,,3.5,2020-06-10,802,3.0
2022-08-22,,3.5,2020-06-10,803,3.0
2022-08-23,,3.5,2020-06-10,804,3.0
2022-08-24,,3.5,2020-06-10,805,3.0
2022-08-25,,3.5,2020-06-10,806,3.0
2022-08-26,,3.5,2020-06-10,807,3.0
2022-08-27,,3.5,2020-06-10,808,3.0
2022-08-28,,3.5,2020-06-10,809,3.0
2022-08-29,,3.5,2020-06-10,810,3.0
2022-08-30,,3.5,2020-06-10,811,3.0
2022-08-31,,3.5,2020-06-10,812,3.0
2022-09-01,,3.5,2020-06-10,813,3.0
2022-09-02,,3.5,2020-06-10,814,3.0
2022-09-03,,3.5,2020-06-10,815,3.0
2022-09-04,,3.5,2020-06-10,816,3.0
2022-09-05,,3.5,2020-06-10,817,3.0
2022-09-06,,3.5,2020-06-10,818,3.0
2022-09-07,,3.5,2020-06-10,819,3.0
2022-09-08,,3.5,2020-06-10,820,3.0
2022-09-09,,3.5,2020-06-10,821,3.0
2022-09-10,,3.5,2020-06-10,822,3.0
2022-09-11,,3.5,2020-06-10,823,3.0
2022-09-12,,3.5,2020-06-10,824,3.0
2022-09-13,,3.5,2020-06-10,825,3.0
2022-09-14,,3.5,2020-06-10,826,3.0
2022-09-15,,3.5,2020-06-10,827,3.0
2022-09-16,,3.5,2020-06-10,828,3.0
2022-09-17,,3.5,2020-06-10,829,3.0
2022-09-18,,3.5,2020-06-10,830,3.0
2022-09-19,,3.5,2020-06-10,831,3.0
2022-09-20,,3.5,2020-06-10,832,3.0
2022-09-21,,3.5,2020-06-10,833,3.0
2022-09-22,,3.5,2020-06-10,834,3.0
2022-09-23,,3.5,2020-06-10,835,3.0
2022-09-24,,3.5,2020-06-10,836,3.0
2022-09-25,,3.5,2020-06-10,837,3.0
2022-09-26,,3.5,2020-06-10,838,3.0
2022-09-27,,3.5,2020-06-10,839,3.0
2022-09-28,,3.5,2020-06-10,840,3.0
2022-09-29,,3.5,2020-06-10,841,3.0
2022-09-30,,3.5,2020-06-10,842,3.0
2022-10-01,,3.5,2020-06-10,843,3.0
2022-10-02,,3.5,2020-06-10,844,3.0
2022-10-03,,3.5,2020-06-10,845,3.0
2022-10-04,,3.5,2020-06-10,846,3.0
2022-10-05,,3.5,2020-06-10,847,3.0
2022-10-06,,3.5,2020-06-10,848,3.0
2022-10-07,,3.5,2020-06-10,849,3.0
2022-10-08,,3.5,2020-06-10,850,3.0
2022-10-09,,3.5,2020-06-10,851,3.0
2022-10-10,,3.5,2020-06-10,852,3.0
2022-10-11,,3.5,2020-06-10,853,3.0
2022-10-12,,3.5,2020-06-10,854,3.0
2022-10-13,,3.5,2020-06-10,855,3.0
2022-10-14,,3.5,2020-06-10,856,3.0
2022-10-15,,3.5,2020-06-10,857,3.0
2022-10-16,,3.5,2020-06-10,858,3.0
2022-10-17,,3.5,2020-06-10,859,3.0
2022-10-18,,3.5,2020-06-10,860,3.0
2022-10-19,,3.5,2020-06-10,861,3.0
2022-10-20,,3.5,2020-06-10,862,3.0
2022-10-21,,3.5,2020-06-10,863,3.0
2022-10-22,,3.5,2020-06-10,864,3.0
2022-10-23,,3.5,2020-06-10,865,3.0
2022-10-24,,3.5,2020-06-10,866,3.0
2022-10-25,,3.5,2020-06-10,867,3.0
2022-10-26,,3.5,2020-06-10,868,3.0
2022-10-27,,3.5,2020-06-10,869,3.0
2022-10-28,,3.5,2020-06-10,870,3.0
2022-10-29,,3.5,2020-06-10,871,3.0
2022-10-30,,3.5,2020-06-10,872,3.0
2022-10-31,,3.5,2020-06-10,873,3.0
2022-11-01,,3.5,2020-06-10,874,3.0
2022-11-02,,3.5,2020-06-10,875,3.0
2022-11-03,,3.5,2020-06-10,876,3.0
2022-11-04,,3.5,2020-06-10,877,3.0
2022-11-05,,3.5,2020-06-10,878,3.0
2022-11-06,,3.5,2020-06-10,879,3.0
2022-11-07,,3.5,2020-06-10,880,3.0
2022-11-08,,3.5,2020-06-10,881,3.0
2022-11-09,,3.5,2020-06-10,882,3.0
2022-11-10,,3.5,2020-06-10,883,3.0
2022-11-11,,3.5,2020-06-10,884,3.0
2022-11-12,,3.5,2020-06-10,885,3.0
2022-11-13,,3.5,2020-06-10,886,3.0
2022-11-14,,3.5,2020-06-10,887,3.0
2022-11-15,,3.5,2020-06-10,888,3.0
2022-11-16,,3.5,2020-06-10,889,3.0
2022-11-17,,3.5,2020-06-10,890,3.0
2022-11-18,,3.5,2020-06-10,891,3.0
2022-11-19,,3.5,2020-06-10,892,3.0
2022-11-20,,3.5,2020-06-10,893,3.0
2022-11-21,,3.5,2020-06-10,894,3.0
2022-11-22,,3.5,2020-06-10,895,3.0
2022-11-23,,3.5,2020-06-10,896,3.0
2022-11-24,,3.5,2020-06-10,897,3.0
2022-11-25,,3.5,2020-06-10,898,3.0
2022-11-26,,3.5,2020-06-10,899,3.0
2022-11-27,,3.5,2020-06-10,900,3.0
2022-11-28,,3.5,2020-06-10,901,3.0
2022-11-29,,3.5,2020-06-10,902,3.0
2022-11-30,,3.5,2020-06-10,903,3.0
2022-12-01,,3.5,2020-06-10,904,3.0
2022-12-02,,3.5,2020-06-10,905,3.0
2022-12-03,,3.5,2020-06-10,906,3.0
2022-12-04,,3.5,2020-06-10,907,3.0
2022-12-05,,3.5,2020-06-10,908,3.0
2022-12-06,,3.5,2020-06-10,909,3.0
2022-12-07,,3.5,2020-06-10,910,3.0
2022-12-08,,3.5,2020-06-10,911,3.0
2022-12-09,,3.5,2020-06-10,912,3.0
2022-12-10,,3.5,2020-06-10,913,3.0
2022-12-11,,3.5,2020-06-10,914,3.0
2022-12-12,,3.5,2020-06-10,915,3.0
2022-12-13,,3.5,2020-06-10,916,3.0
2022-12-14,,3.5,2020-06-10,917,3.0
2022-12-15,,3.5,2020-06-10,918,3.0
2022-12-16,,3.5,2020-06-10,919,3.0
2022-12-17,,3.5,2020-06-10,920,3.0
2022-12-18,,3.5,2020-06-10,921,3.0
2022-12-19,,3.5,2020-06-10,922,3.0
2022-12-20,,3.5,2020-06-10,923,3.0
2022-12-21,,3.5,2020-06-10,924,3.0
2022-12-22,,3.5,2020-06-10,925,3.0
2022-12-23,,3.5,2020-06-10,926,3.0
2022-12-24,,3.5,2020-06-10,927,3.0
2022-12-25,,3.5,2020-06-10,928,3.0
2022-12-26,,3.5,2020-06-10,929,3.0
2022-12-27,,3.5,2020-06-10,930,3.0
2022-12-28,,3.5,2020-06-10,931,3.0
2022-12-29,,3.5,2020-06-10,932,3.0
2022-12-30,,3.5,2020-06-10,933,3.0
2022-12-31,,3.5,2020-06-10,934,3.0
2023-01-01,,3.5,2020-06-10,935,3.0
2023-01-02,,3.5,2020-06-10,936,3.0
2023-01-03,,3.5,2020-06-10,937,3.0
2023-01-04,,3.5,2020-06-10,938,3.0
2023-01-05,,3.5,2020-06-10,939,3.0
2023-01-06,,3.5,2020-06-10,940,3.0
2023-01-07,,3.5,2020-06-10,941,3.0
2023-01-08,,3.5,2020-06-10,942,3.0
2023-01-09,,3.5,2020-06-10,943,3.0
2023-01-10,,3.5,2020-06-10,944,3.0
2023-01-11,,3.5,2020-06-10,945,3.0
2023-01-12,,3.5,2020-06-10,946,3.0
2023-01-13,,3.5,2020-06-10,947,3.0
2023-01-14,,3.5,2020-06-10,948,3.0
2023-01-15,,3.5,2020-06-10,949,3.0
2023-01-16,,3.5,2020-06-10,950,3.0
2023-01-17,,3.5,2020-06-10,951,3.0
2023-01-18,,3.5,2020-06-10,952,3.0
2023-01-19,,3.5,2020-06-10,953,3.0
2023-01-20,,3.5,2020-06-10,954,3.0
2023-01-21,,3.5,2020-06-10,955,3.0
2023-01-22,,3.5,2020-06-10,956,3.0
2023-01-23,,3.5,2020-06-10,957,3.0
2023-01-24,,3.5,2020-06-10,958,3.0
2023-01-25,,3.5,2020-06-10,959,3.0
2023-01-26,,3.5,2020-06-10,960,3.0
2023-01-27,,3.5,2020-06-10,961,3.0
2023-01-28,,3.5,2020-06-10,962,3.0
2023-01-29,,3.5,2020-06-10,963,3.0
2023-01-30,,3.5,2020-06-10,964,3.0
2023-01-31,,3.5,2020-06-10,965,3.0
2023-02-01,,3.5,2020-06-10,966,3.0
2023-02-02,,3.5,2020-06-10,967,3.0
2023-02-03,,3.5,2020-06-10,968,3.0
2023-02-04,,3.5,2020-06-10,969,3.0
2023-02-05,,3.5,2020-06-10,970,3.0
2023-02-06,,3.5,2020-06-10,971,3.0
2023-02-07,,3.5,2020-06-10,972,3.0
2023-02-08,,3.5,2020-06-10,973,3.0
2023-02-09,,3.5,2020-06-10,974,3.0
2023-02-10,,3.5,2020-06-10,975,3.0
2023-02-11,,3.5,2020-06-10,976,3.0
2023-02-12,,3.5,2020-06-10,977,3.0
2023-02-13,,3.5,2020-06-10,978,3.0
2023-02-14,,3.5,2020-06-10,979,3.0
2023-02-15,,3.5,2020-06-10,980,3.0
2023-02-16,,3.5,2020-06-10,981,3.0
2023-02-17,,3.5,2020-06-10,982,3.0
2023-02-18,,3.5,2020-06-10,983,3.0
2023-02-19,,3.5,2020-06-10,984,3.0
2023-02-20,,3.5,2020-06-10,985,3.0
2023-02-21,,3.5,2020-06-10,986,3.0
2023-02-22,,3.5,2020-06-10,987,3.0
2023-02-23,,3.5,2020-06-10,988,3.0
2023-02-24,,3.5,2020-06-10,989,3.0
2023-02-25,,3.5,2020-06-10,990,3.0
2023-02-26,,3.5,2020-06-10,991,3.0
2023-02-27,,3.5,2020-06-10,992,3.0
2023-02-28,,3.5,2020-06-10,993,3.0
2023-03-01,,3.5,2020-06-10,994,3.0
2023-03-02,,3.5,2020-06-10,995,3.0
2023-03-03,,3.5,2020-06-10,996,3.0
2023-03-04,,3.5,2020-06-10,997,3.0
2023-03-05,,3.5,2020-06-10,998,3.0
2023-03-06,,3.5,2020-06-10,999,3.0
2023-03-07,,3.5,2020-06-10,1000,3.0
2023-03-08,,3.5,2020-06-10,1001,3.0
2023-03-09,2.78947368,2.78947368,2023-03-09,0,2.78947368
2023-03-10,3.0,3.0,2023-03-10,0,3.0
2023-03-11,3.5,3.5,2023-03-11,0,3.5
2023-03-12,2.85714286,2.85714286,2023-03-12,0,2.85714286
2023-03-13,2.94117647,2.94117647,2023-03-13,0,2.94117647
2023-03-14,3.33333333,3.33333333,2023-03-14,0,3.33333333
2023-03-15,3.09090909,3.09090909,2023-03-15,0,3.09090909
2023-03-16,3.0,3.0,2023-03-16,0,3.0
2023-03-17,3.5625,3.5625,2023-03-17,0,3.5625
2023-03-18,3.83333333,3.83333333,2023-03-18,0,3.83333333
2023-03-19,2.0,2.0,2023-03-19,0,2.0
2023-03-20,2.9047619,2.9047619,2023-03-20,0,2.9047619
2023-03-21,3.3125,3.3125,2023-03-21,0,3.3125
2023-03-22,2.9,2.9,2023-03-22,0,2.9
2023-03-23,3.34782609,3.34782609,2023-03-23,0,3.34782609
2023-03-24,2.84615385,2.84615385,2023-03-24,0,2.84615385
2023-03-25,4.2,4.2,2023-03-25,0,4.2
2023-03-26,2.2,2.2,2023-03-26,0,2.2
2023-03-27,2.66666667,2.66666667,2023-03-27,0,2.66666667
2023-03-28,3.22222222,3.22222222,2023-03-28,0,3.22222222
2023-03-29,3.27777778,3.27777778,2023-03-29,0,3.27777778
2023-03-30,2.87096774,2.87096774,2023-03-30,0,2.87096774
2023-03-31,3.0,3.0,2023-03-31,0,3.0
2023-04-01,4.0,4.0,2023-04-01,0,4.0
2023-04-02,2.83333333,2.83333333,2023-04-02,0,2.83333333
2023-04-03,2.68421053,2.68421053,2023-04-03,0,2.68421053
2023-04-04,2.84615385,2.84615385,2023-04-04,0,2.84615385
2023-04-05,2.78571429,2.78571429,2023-04-05,0,2.78571429
2023-04-06,2.94736842,2.94736842,2023-04-06,0,2.94736842
2023-04-07,3.0,3.0,2023-04-07,0,3.0
2023-04-08,3.6,3.6,2023-04-08,0,3.6
2023-04-09,4.5,4.5,2023-04-09,0,4.5
2023-04-10,2.95454545,2.95454545,2023-04-10,0,2.95454545
2023-04-11,4.11111111,4.11111111,2023-04-11,0,4.11111111
2023-04-12,3.15789474,3.15789474,2023-04-12,0,3.15789474
2023-04-13,3.65625,3.65625,2023-04-13,0,3.65625
2023-04-14,3.0,3.0,2023-04-14,0,3.0
2023-04-15,4.0,4.0,2023-04-15,0,4.0
2023-04-16,3.66666667,3.66666667,2023-04-16,0,3.66666667
2023-04-17,3.28571429,3.28571429,2023-04-17,0,3.28571429
2023-04-18,3.22222222,3.22222222,2023-04-18,0,3.22222222
2023-04-19,3.1875,3.1875,2023-04-19,0,3.1875
2023-04-20,3.28571429,3.28571429,2023-04-20,0,3.28571429
2023-04-21,3.32142857,3.32142857,2023-04-21,0,3.32142857
2023-04-22,2.57142857,2.57142857,2023-04-22,0,2.57142857
2023-04-23,3.71428571,3.71428571,2023-04-23,0,3.71428571
2023-04-24,2.78571429,2.78571429,2023-04-24,0,2.78571429
2023-04-25,3.38095238,3.38095238,2023-04-25,0,3.38095238
2023-04-26,3.11764706,3.11764706,2023-04-26,0,3.11764706
2023-04-27,3.57142857,3.57142857,2023-04-27,0,3.57142857
2023-04-28,3.32608696,3.32608696,2023-04-28,0,3.32608696
2023-04-29,3.25,3.25,2023-04-29,0,3.25
2023-04-30,3.0,3.0,2023-04-30,0,3.0
2023-05-01,2.78947368,2.78947368,2023-05-01,0,2.78947368
2023-05-02,3.53333333,3.53333333,2023-05-02,0,3.53333333
2023-05-03,3.16666667,3.16666667,2023-05-03,0,3.16666667
2023-05-04,3.47619048,3.47619048,2023-05-04,0,3.47619048
2023-05-05,3.42857143,3.42857143,2023-05-05,0,3.42857143
2023-05-06,4.25,4.25,2023-05-06,0,4.25
2023-05-07,,4.25,2023-05-06,1,3.75816332
2023-05-08,2.84615385,2.84615385,2023-05-08,0,2.84615385
2023-05-09,3.18181818,3.18181818,2023-05-09,0,3.18181818
2023-05-10,3.15384615,3.15384615,2023-05-10,0,3.15384615
2023-05-11,2.92857143,2.92857143,2023-05-11,0,2.92857143
2023-05-12,2.76470588,2.76470588,2023-05-12,0,2.76470588
2023-05-13,2.5,2.5,2023-05-13,0,2.5
2023-05-14,2.0,2.0,2023-05-14,0,2.0
2023-05-15,2.9375,2.9375,2023-05-15,0,2.9375
2023-05-16,3.15384615,3.15384615,2023-05-16,0,3.15384615
2023-05-17,3.42307692,3.42307692,2023-05-17,0,3.42307692
2023-05-18,3.76190476,3.76190476,2023-05-18,0,3.76190476
2023-05-19,3.33333333,3.33333333,2023-05-19,0,3.33333333
2023-05-20,2.0,2.0,2023-05-20,0,2.0
2023-05-21,4.42857143,4.42857143,2023-05-21,0,4.42857143
2023-05-22,3.13636364,3.13636364,2023-05-22,0,3.13636364
2023-05-23,2.88888889,2.88888889,2023-05-23,0,2.88888889
2023-05-24,3.7,3.7,2023-05-24,0,3.7
2023-05-25,3.04761905,3.04761905,2023-05-25,0,3.04761905
2023-05-26,3.0,3.0,2023-05-26,0,3.0
2023-05-27,2.85714286,2.85714286,2023-05-27,0,2.85714286
2023-05-28,1.0,1.0,2023-05-28,0,1.0
2023-05-29,3.5,3.5,2023-05-29,0,3.5
2023-05-30,3.0,3.0,2023-05-30,0,3.0
2023-05-31,3.0,3.0,2023-05-31,0,3.0
2023-06-01,2.91304348,2.91304348,2023-06-01,0,2.91304348
2023-06-02,3.3030303,3.3030303,2023-06-02,0,3.3030303
2023-06-03,3.25,3.25,2023-06-03,0,3.25
2023-06-04,4.2,4.2,2023-06-04,0,4.2
2023-06-05,3.125,3.125,2023-06-05,0,3.125
2023-06-06,2.77777778,2.77777778,2023-06-06,0,2.77777778
2023-06-07,3.0625,3.0625,2023-06-07,0,3.0625
2023-06-08,3.21428571,3.21428571,2023-06-08,0,3.21428571
2023-06-09,2.61904762,2.61904762,2023-06-09,0,2.61904762
2023-06-10,3.8,3.8,2023-06-10,0,3.8
2023-06-11,3.5,3.5,2023-06-11,0,3.5
2023-06-12,3.18181818,3.18181818,2023-06-12,0,3.18181818
2023-06-13,3.65384615,3.65384615,2023-06-13,0,3.65384615
2023-06-14,3.7037037,3.7037037,2023-06-14,0,3.7037037
2023-06-15,3.15384615,3.15384615,2023-06-15,0,3.15384615
2023-06-16,3.17391304,3.17391304,2023-06-16,0,3.17391304
2023-06-17,2.2,2.2,2023-06-17,0,2.2
2023-06-18,3.75,3.75,2023-06-18,0,3.75
2023-06-19,3.42857143,3.42857143,2023-06-19,0,3.42857143
2023-06-20,3.0,3.0,2023-06-20,0,3.0
2023-06-21,2.55555556,2.55555556,2023-06-21,0,2.55555556
2023-06-22,3.25806452,3.25806452,2023-06-22,0,3.25806452
2023-06-23,2.82352941,2.82352941,2023-06-23,0,2.82352941
2023-06-24,3.71428571,3.71428571,2023-06-24,0,3.71428571
2023-06-25,2.77777778,2.77777778,2023-06-25,0,2.77777778
2023-06-26,3.5625,3.5625,2023-06-26,0,3.5625
2023-06-27,3.60714286,3.60714286,2023-06-27,0,3.60714286
2023-06-28,3.19047619,3.19047619,2023-06-28,0,3.19047619
2023-06-29,3.54545455,3.54545455,2023-06-29,0,3.54545455
2023-06-30,3.70588235,3.70588235,2023-06-30,0,3.70588235
2023-07-01,3.25,3.25,2023-07-01,0,3.25
2023-07-02,3.25,3.25,2023-07-02,0,3.25
2023-07-03,3.0,3.0,2023-07-03,0,3.0
2023-07-04,3.0,3.0,2023-07-04,0,3.0
2023-07-05,3.2,3.2,2023-07-05,0,3.2
2023-07-06,3.0,3.0,2023-07-06,0,3.0
2023-07-07,3.29411765,3.29411765,2023-07-07,0,3.29411765
2023-07-08,3.6,3.6,2023-07-08,0,3.6
2023-07-09,4.0,4.0,2023-07-09,0,4.0
2023-07-10,2.88888889,2.88888889,2023-07-10,0,2.88888889
2023-07-11,3.08823529,3.08823529,2023-07-11,0,3.08823529
2023-07-12,3.28125,3.28125,2023-07-12,0,3.28125
2023-07-13,3.31818182,3.31818182,2023-07-13,0,3.31818182
2023-07-14,3.0,3.0,2023-07-14,0,3.0
2023-07-15,3.66666667,3.66666667,2023-07-15,0,3.66666667
2023-07-16,3.66666667,3.66666667,2023-07-16,0,3.66666667
2023-07-17,3.59090909,3.59090909,2023-07-17,0,3.59090909
2023-07-18,3.5,3.5,2023-07-18,0,3.5
2023-07-19,3.04761905,3.04761905,2023-07-19,0,3.04761905
2023-07-20,3.53333333,3.53333333,2023-07-20,0,3.53333333
2023-07-21,3.45,3.45,2023-07-21,0,3.45
2023-07-22,3.0,3.0,2023-07-22,0,3.0
2023-07-23,4.0,4.0,2023-07-23,0,4.0
2023-07-24,3.07692308,3.07692308,2023-07-24,0,3.07692308
2023-07-25,2.88235294,2.88235294,2023-07-25,0,2.88235294
2023-07-26,3.14705882,3.14705882,2023-07-26,0,3.14705882
2023-07-27,3.27272727,3.27272727,2023-07-27,0,3.27272727
2023-07-28,3.09090909,3.09090909,2023-07-28,0,3.09090909
2023-07-29,4.5,4.5,2023-07-29,0,4.5
2023-07-30,3.375,3.375,2023-07-30,0,3.375
2023-07-31,3.55882353,3.55882353,2023-07-31,0,3.55882353
2023-08-01,3.33333333,3.33333333,2023-08-01,0,3.33333333
2023-08-02,3.05,3.05,2023-08-02,0,3.05
2023-08-03,2.92682927,2.92682927,2023-08-03,0,2.92682927
2023-08-04,3.67307692,3.67307692,2023-08-04,0,3.67307692
2023-08-05,3.72727273,3.72727273,2023-08-05,0,3.72727273
2023-08-06,4.0,4.0,2023-08-06,0,4.0
2023-08-07,3.2173913,3.2173913,2023-08-07,0,3.2173913
2023-08-08,3.64,3.64,2023-08-08,0,3.64
2023-08-09,3.69565217,3.69565217,2023-08-09,0,3.69565217
2023-08-10,3.45714286,3.45714286,2023-08-10,0,3.45714286
2023-08-11,3.28571429,3.28571429,2023-08-11,0,3.28571429
2023-08-12,3.75,3.75,2023-08-12,0,3.75
2023-08-13,2.875,2.875,2023-08-13,0,2.875
2023-08-14,3.22222222,3.22222222,2023-08-14,0,3.22222222
2023-08-15,3.39130435,3.39130435,2023-08-15,0,3.39130435
2023-08-16,3.42857143,3.42857143,2023-08-16,0,3.42857143
2023-08-17,3.04347826,3.04347826,2023-08-17,0,3.04347826
2023-08-18,2.61904762,2.61904762,2023-08-18,0,2.61904762
2023-08-19,2.85714286,2.85714286,2023-08-19,0,2.85714286
2023-08-20,3.66666667,3.66666667,2023-08-20,0,3.66666667
2023-08-21,3.1875,3.1875,2023-08-21,0,3.1875
2023-08-22,3.0,3.0,2023-08-22,0,3.0
2023-08-23,3.73076923,3.73076923,2023-08-23,0,3.73076923
2023-08-24,3.56,3.56,2023-08-24,0,3.56
2023-08-25,3.26666667,3.26666667,2023-08-25,0,3.26666667
2023-08-26,2.625,2.625,2023-08-26,0,2.625
2023-08-27,4.25,4.25,2023-08-27,0,4.25
2023-08-28,3.0,3.0,2023-08-28,0,3.0
2023-08-29,2.92857143,2.92857143,2023-08-29,0,2.92857143
2023-08-30,3.3125,3.3125,2023-08-30,0,3.3125
2023-08-31,3.63636364,3.63636364,2023-08-31,0,3.63636364
2023-09-01,2.95454545,2.95454545,2023-09-01,0,2.95454545
2023-09-02,3.0,3.0,2023-09-02,0,3.0
2023-09-03,2.6,2.6,2023-09-03,0,2.6
2023-09-04,4.0,4.0,2023-09-04,0,4.0
2023-09-05,3.07692308,3.07692308,2023-09-05,0,3.07692308
2023-09-06,3.0,3.0,2023-09-06,0,3.0
2023-09-07,3.90909091,3.90909091,2023-09-07,0,3.90909091
2023-09-08,3.1,3.1,2023-09-08,0,3.1
2023-09-09,3.83333333,3.83333333,2023-09-09,0,3.83333333
2023-09-10,5.0,5.0,2023-09-10,0,5.0
2023-09-11,3.54166667,3.54166667,2023-09-11,0,3.54166667
2023-09-12,2.83333333,2.83333333,2023-09-12,0,2.83333333
2023-09-13,3.08,3.08,2023-09-13,0,3.08
2023-09-14,3.1,3.1,2023-09-14,0,3.1
2023-09-15,2.95833333,2.95833333,2023-09-15,0,2.95833333
2023-09-16,2.83333333,2.83333333,2023-09-16,0,2.83333333
2023-09-17,4.0,4.0,2023-09-17,0,4.0
2023-09-18,3.28571429,3.28571429,2023-09-18,0,3.28571429
2023-09-19,3.06896552,3.06896552,2023-09-19,0,3.06896552
2023-09-20,3.0,3.0,2023-09-20,0,3.0
2023-09-21,3.11764706,3.11764706,2023-09-21,0,3.11764706
2023-09-22,3.37037037,3.37037037,2023-09-22,0,3.37037037
2023-09-23,3.28571429,3.28571429,2023-09-23,0,3.28571429
2023-09-24,3.375,3.375,2023-09-24,0,3.375
2023-09-25,3.5,3.5,2023-09-25,0,3.5
2023-09-26,3.0,3.0,2023-09-26,0,3.0
2023-09-27,3.2,3.2,2023-09-27,0,3.2
2023-09-28,3.84615385,3.84615385,2023-09-28,0,3.84615385
2023-09-29,3.08108108,3.08108108,2023-09-29,0,3.08108108
2023-09-30,3.25,3.25,2023-09-30,0,3.25
2023-10-01,2.42857143,2.42857143,2023-10-01,0,2.42857143
2023-10-02,3.27272727,3.27272727,2023-10-02,0,3.27272727
2023-10-03,2.87096774,2.87096774,2023-10-03,0,2.87096774
2023-10-04,3.16,3.16,2023-10-04,0,3.16
2023-10-05,2.88888889,2.88888889,2023-10-05,0,2.88888889
2023-10-06,3.33333333,3.33333333,2023-10-06,0,3.33333333
2023-10-07,2.4,2.4,2023-10-07,0,2.4
2023-10-08,4.4,4.4,2023-10-08,0,4.4
2023-10-09,3.40909091,3.40909091,2023-10-09,0,3.40909091
2023-10-10,3.14285714,3.14285714,2023-10-10,0,3.14285714
2023-10-11,3.04347826,3.04347826,2023-10-11,0,3.04347826
2023-10-12,3.28571429,3.28571429,2023-10-12,0,3.28571429
2023-10-13,3.12,3.12,2023-10-13,0,3.12
2023-10-14,3.16666667,3.16666667,2023-10-14,0,3.16666667
2023-10-15,3.5,3.5,2023-10-15,0,3.5
2023-10-16,3.09090909,3.09090909,2023-10-16,0,3.09090909
2023-10-17,2.76190476,2.76190476,2023-10-17,0,2.76190476
2023-10-18,,2.76190476,2023-10-17,1,2.85558794
2023-10-19,2.57142857,2.57142857,2023-10-19,0,2.57142857
2023-10-20,,2.57142857,2023-10-19,1,2.74005829
2023-10-21,,2.57142857,2023-10-19,2,2.84233738
2023-10-22,,2.57142857,2023-10-19,3,2.90437279
2023-10-23,,2.57142857,2023-10-19,4,2.94199916
2023-10-24,3.52380952,3.52380952,2023-10-24,0,3.52380952
2023-10-25,,3.52380952,2023-10-24,1,3.31770654
2023-10-26,2.625,2.625,2023-10-26,0,2.625
2023-10-27,3.61538462,3.61538462,2023-10-27,0,3.61538462
2023-10-28,,3.61538462,2023-10-27,1,3.37324964
2023-10-29,,3.61538462,2023-10-27,2,3.22638735
2023-10-30,3.60714286,3.60714286,2023-10-30,0,3.60714286
2023-10-31,3.0,3.0,2023-10-31,0,3.0
2023-11-01,3.71428571,3.71428571,2023-11-01,0,3.71428571
2023-11-02,2.92857143,2.92857143,2023-11-02,0,2.92857143
2023-11-03,3.57142857,3.57142857,2023-11-03,0,3.57142857
2023-11-04,3.5,3.5,2023-11-04,0,3.5
2023-11-05,3.44444444,3.44444444,2023-11-05,0,3.44444444
2023-11-06,3.4,3.4,2023-11-06,0,3.4
2023-11-07,3.0,3.0,2023-11-07,0,3.0
2023-11-08,1.66666667,1.66666667,2023-11-08,0,1.66666667
2023-11-09,3.6,3.6,2023-11-09,0,3.6
2023-11-10,3.33333333,3.33333333,2023-11-10,0,3.33333333
2023-11-11,4.0,4.0,2023-11-11,0,4.0
2023-11-12,3.375,3.375,2023-11-12,0,3.375
2023-11-13,3.2,3.2,2023-11-13,0,3.2
2023-11-14,3.48387097,3.48387097,2023-11-14,0,3.48387097
2023-11-15,3.5,3.5,2023-11-15,0,3.5
2023-11-16,3.45833333,3.45833333,2023-11-16,0,3.45833333
2023-11-17,3.36666667,3.36666667,2023-11-17,0,3.36666667
2023-11-18,2.66666667,2.66666667,2023-11-18,0,2.66666667
2023-11-19,4.2,4.2,2023-11-19,0,4.2
2023-11-20,3.05,3.05,2023-11-20,0,3.05
2023-11-21,3.57142857,3.57142857,2023-11-21,0,3.57142857
2023-11-22,3.09090909,3.09090909,2023-11-22,0,3.09090909
2023-11-23,3.5,3.5,2023-11-23,0,3.5
2023-11-24,3.30434783,3.30434783,2023-11-24,0,3.30434783
2023-11-25,3.14285714,3.14285714,2023-11-25,0,3.14285714
2023-11-26,2.83333333,2.83333333,2023-11-26,0,2.83333333
2023-11-27,3.35714286,3.35714286,2023-11-27,0,3.35714286
2023-11-28,3.57575758,3.57575758,2023-11-28,0,3.57575758
2023-11-29,3.28571429,3.28571429,2023-11-29,0,3.28571429
2023-11-30,3.19230769,3.19230769,2023-11-30,0,3.19230769
2023-12-01,3.53571429,3.53571429,2023-12-01,0,3.53571429
2023-12-02,3.0,3.0,2023-12-02,0,3.0
2023-12-03,3.36363636,3.36363636,2023-12-03,0,3.36363636
2023-12-04,3.14285714,3.14285714,2023-12-04,0,3.14285714
2023-12-05,2.875,2.875,2023-12-05,0,2.875
2023-12-06,3.08695652,3.08695652,2023-12-06,0,3.08695652
2023-12-07,3.82352941,3.82352941,2023-12-07,0,3.82352941
2023-12-08,3.68421053,3.68421053,2023-12-08,0,3.68421053
2023-12-09,3.5,3.5,2023-12-09,0,3.5
2023-12-10,3.125,3.125,2023-12-10,0,3.125
2023-12-11,3.10638298,3.10638298,2023-12-11,0,3.10638298
2023-12-12,3.5,3.5,2023-12-12,0,3.5
2023-12-13,3.46153846,3.46153846,2023-12-13,0,3.46153846
2023-12-14,4.14285714,4.14285714,2023-12-14,0,4.14285714
2023-12-15,3.47826087,3.47826087,2023-12-15,0,3.47826087
2023-12-16,3.5952381,3.5952381,2023-12-16,0,3.5952381
2023-12-17,2.42857143,2.42857143,2023-12-17,0,2.42857143
